Mary,968
Jessica,155
Jessica,77
Bob,578
Jessica,973
Jessica,124
Jessica,155
Mary,403
Mary,199
Mary,191
John,769
Bob,88
Bob,43
Mary,393
Mary,164
John,45
Mel,148
Mary,609
Mel,134
John,726
John,106
Mel,355
Jessica,774
John,214
Jessica,732
Mary,362
Mary,682
John,141
Jessica,433
Bob,892
John,328
Jessica,151
Jessica,737
John,200
Bob,626
Mel,679
Jessica,812
Mel,481
Mel,723
Mary,98
Jessica,76
Mel,911
Mel,948
Mel,698
Mel,539
Bob,806
John,885
Jessica,785
Jessica,750
Bob,233
John,442
John,170
Jessica,363
Bob,913
Bob,186
John,510
John,998
John,12
Mel,804
Bob,705
Mel,900
Mel,727
Jessica,643
Mary,34
John,580
John,287
Bob,382
John,5
Mary,204
Bob,392
John,982
Mel,809
John,62
John,220
Bob,458
Mary,738
Bob,502
Jessica,352
Mel,956
Jessica,326
Bob,791
Mel,724
Bob,414
John,51
Jessica,295
Jessica,463
John,922
Bob,693
Bob,353
John,378
Bob,836
Jessica,10
Mel,279
John,778
Jessica,10
Mel,370
Jessica,739
Jessica,682
Mary,469
Mel,324
John,612
Mary,721
John,410
Bob,474
Mary,294
Jessica,128
Jessica,622
Mary,588
Mary,708
Jessica,286
John,740
Mel,112
Jessica,128
Bob,195
Mel,458
Jessica,828
John,576
John,726
Mel,744
Jessica,449
Mel,814
Jessica,678
Bob,327
Mel,837
Jessica,904
Jessica,592
Bob,923
Bob,245
Mel,476
Mel,120
Mary,656
John,511
Mary,398
Mary,716
Jessica,657
Mary,358
Mary,510
John,129
Mel,944
John,490
John,811
Mel,734
Mel,371
John,37
Jessica,900
Mel,723
Mel,274
John,291
Jessica,309
Jessica,143
Mel,277
Mel,116
Mel,11
Bob,49
Jessica,809
John,28
Mel,407
Mary,937
Bob,781
Jessica,236
John,925
Bob,423
Mel,927
Mel,925
Bob,648
John,481
Jessica,160
Bob,375
Bob,494
John,623
Mary,221
John,378
Mel,951
Jessica,556
Mel,185
John,434
Bob,340
Mary,474
Mel,189
Mary,606
Mary,606
Jessica,331
Jessica,666
John,105
Mel,182
Mary,137
Mary,543
John,860
Mary,701
Mel,564
Mary,903
Bob,471
Mel,350
Bob,797
Mary,945
Mel,912
Mary,992
Mary,203
Mel,93
Mary,18
John,787
Bob,543
Mary,599
Bob,616
Mary,290
Mel,388
Mary,541
Jessica,906
Mary,239
John,269
Bob,621
Jessica,607
Mary,336
Bob,775
Mel,242
Mary,962
Bob,51
Jessica,24
Mel,124
Bob,976
Mary,973
Mel,988
Jessica,722
Bob,969
John,785
Jessica,446
Jessica,480
Bob,616
Jessica,221
Bob,578
John,143
Bob,74
Jessica,21
Bob,994
Mary,178
Mary,946
Mary,622
John,978
John,982
Mel,651
Mel,729
Mary,836
Bob,762
John,860
John,928
Jessica,363
Jessica,594
Mel,752
Mary,328
Jessica,934
John,636
John,921
Mel,591
Jessica,583
Jessica,587
John,30
Mary,378
John,562
Bob,814
John,623
Mel,169
Mary,959
Jessica,99
Mel,629
John,223
Bob,353
John,157
Bob,915
Mary,351
Mary,206
Bob,292
Bob,401
Mel,296
John,693
Bob,556
Mary,905
Mary,931
John,825
Bob,936
Jessica,366
John,618
Bob,394
Mary,901
Mary,355
Mary,204
Mary,34
Bob,785
John,551
Mary,937
Jessica,210
Jessica,163
Jessica,175
Bob,82
John,855
Jessica,29
Mel,70
John,308
Mary,745
Mel,628
Bob,271
Jessica,506
Jessica,599
Jessica,317
Jessica,934
Mary,626
Mary,706
Jessica,615
Mel,688
John,794
Mary,71
John,569
John,981
Mary,567
Mary,285
Mel,958
Mel,859
Mel,495
John,119
Jessica,562
Mel,279
Jessica,424
Jessica,330
Mary,595
Jessica,187
Bob,327
Mary,186
Mary,827
Jessica,708
Mary,349
Jessica,39
Mel,114
John,647
John,858
Mel,645
Mel,491
Bob,447
Mel,43
John,449
Mary,843
Bob,416
Mary,624
Jessica,101
Bob,710
Mary,451
Jessica,725
Mel,814
Bob,88
Mel,250
Bob,853
Jessica,373
Bob,868
Jessica,419
Bob,244
John,137
John,169
Bob,24
Mary,693
Mary,910
Mary,685
John,319
John,915
John,645
Bob,305
Mel,495
Mel,35
Mel,26
Mary,293
Mel,476
Mary,676
Mary,517
Bob,428
Mel,729
Mel,326
Mary,18
Jessica,38
Bob,661
Jessica,474
Bob,697
Mel,718
Mel,96
Mary,864
Jessica,217
Jessica,894
Bob,922
Bob,454
Mel,390
Jessica,609
John,761
Mary,490
Mel,480
Bob,278
John,71
Jessica,369
John,176
Bob,155
Mary,58
Bob,286
Mary,347
Mary,876
Mel,532
Bob,659
Bob,779
Mel,460
Mel,543
Mary,156
Mel,142
Bob,675
Bob,992
Mary,678
Mel,10
Jessica,143
John,311
John,118
Mel,67
Mary,321
Mary,262
Bob,632
Mel,4
Mary,22
Mel,551
Bob,181
Bob,664
Mel,239
Mary,601
John,495
Jessica,482
Bob,3
Mary,363
Bob,355
Mary,983
John,281
Jessica,236
Mel,63
Bob,97
Bob,385
John,276
Mel,425
Jessica,539
Jessica,818
Mel,46
John,341
Bob,461
Mel,657
Bob,511
Mary,459
Jessica,246
Mel,529
Jessica,685
Bob,933
John,901
Mel,246
Bob,953
Mary,324
Mary,122
Jessica,320
Mel,500
Bob,652
Mary,382
Mary,819
Bob,967
Jessica,778
Bob,781
Jessica,991
Bob,694
Mary,784
Jessica,632
Bob,329
Mary,881
Jessica,887
Mary,412
Mary,870
Jessica,715
John,971
Jessica,372
Jessica,241
Mary,421
Mary,363
Mary,407
John,50
Jessica,415
John,349
Mary,657
Jessica,496
Mel,817
Bob,330
Mel,393
John,302
Mel,392
Jessica,851
John,615
John,72
Jessica,404
Bob,668
Mary,91
Mel,405
Mel,805
Jessica,211
Bob,552
Jessica,973
Mel,467
Jessica,554
Bob,533
Jessica,866
Mel,233
Mary,890
Mel,844
Bob,67
Bob,762
John,610
Jessica,196
Mary,433
Bob,254
Mary,638
Bob,775
Mel,984
Mel,466
John,306
Mary,450
Mel,158
John,378
Mel,345
Mary,741
Jessica,440
Bob,724
Jessica,637
Mel,505
Jessica,922
John,560
Jessica,540
Mary,964
Mel,988
Bob,381
John,483
Mary,989
Mel,42
Jessica,952
John,658
Mel,167
Bob,654
Mel,684
Mel,403
Mel,399
Mel,576
Bob,540
Mel,498
Mary,661
Jessica,802
Jessica,364
Mary,491
Mel,953
Mel,785
John,558
Bob,210
Mary,744
John,50
Jessica,616
Bob,476
Jessica,276
Mary,290
Mary,778
Bob,921
Mary,224
Bob,791
Jessica,393
Mel,721
Bob,274
Mary,671
John,520
Jessica,283
Mel,715
Mary,521
Mel,729
Mary,223
Mary,141
Bob,670
Bob,20
Mary,488
Jessica,958
Bob,348
Bob,883
John,592
John,341
Bob,753
Mary,541
Jessica,463
Jessica,905
Mary,93
Mary,217
Mary,147
Bob,317
Mel,369
Bob,468
Mel,99
Bob,506
Mel,92
John,245
Jessica,658
Bob,47
Mary,72
John,610
Jessica,23
John,449
John,561
Mary,500
Jessica,442
Jessica,547
John,169
Jessica,913
Jessica,795
Mel,249
Mary,484
Bob,480
John,926
Bob,357
Mary,270
Mary,606
Bob,487
Mary,201
Jessica,331
Mel,840
John,196
John,515
Jessica,677
Bob,860
John,396
Mary,647
Jessica,634
John,677
Jessica,762
Bob,977
Jessica,36
Mel,84
Bob,52
Mary,532
Mel,980
Mary,226
Mary,72
Mel,124
Mel,659
Mel,430
John,749
John,334
Jessica,850
Mary,397
Bob,579
Jessica,725
John,695
Mary,369
John,318
Mel,731
Bob,329
Bob,128
Bob,282
Jessica,613
Jessica,785
Bob,647
Bob,513
John,215
John,227
Mel,389
Mel,561
Bob,862
Bob,783
Mary,863
Mel,330
John,12
Mary,160
Jessica,208
Jessica,117
Mary,737
Bob,912
John,538
Mel,696
Bob,214
John,618
Mel,833
Bob,570
Bob,28
Mary,279
John,140
Mel,586
Bob,987
Mel,108
Jessica,317
Mel,455
Mel,256
Mel,817
Mel,59
John,92
John,257
Mel,582
Jessica,490
Bob,702
Bob,382
John,257
John,756
Jessica,927
John,142
Jessica,177
Mary,497
Bob,514
John,166
Jessica,625
Mary,19
John,373
Jessica,471
Bob,506
Jessica,520
John,781
Mary,494
Mel,441
Bob,380
Mary,723
Bob,428
Bob,172
Bob,586
John,568
Mel,742
Mel,940
Jessica,677
Mel,926
John,438
Bob,642
Bob,747
Mary,266
John,993
Jessica,726
Bob,650
Bob,530
Bob,910
Bob,246
Bob,316
Mel,175
Bob,429
Mel,490
Jessica,875
Mel,260
John,576
Bob,696
Mel,148
Jessica,914
John,506
Jessica,703
Bob,908
Mel,921
Bob,260
Mary,61
Mary,874
John,159
Mel,504
John,756
Jessica,964
Bob,355
Mel,326
Jessica,494
Jessica,448
Jessica,997
Bob,141
Mel,704
Jessica,39
Jessica,347
Mary,346
John,185
Bob,254
John,73
John,946
Jessica,955
Bob,751
Mary,950
Bob,478
Mel,911
John,989
Bob,642
Mary,223
Mel,166
Jessica,166
Bob,699
Mel,548
John,796
Bob,182
Mary,871
Mel,643
Jessica,682
Jessica,276
Mary,883
Bob,77
John,2
Mel,604
John,918
Mary,517
Mary,694
Mel,799
Bob,32
Bob,978
Bob,574
Bob,279
Mel,400
Jessica,688
Jessica,805
Mel,617
Mel,153
Mel,139
Mel,119
John,44
Mary,718
Bob,421
John,350
John,552
Jessica,297
Bob,328
Bob,904
Mel,186
Mary,876
Jessica,367
John,683
Mary,11
Bob,886
Jessica,493
Mary,730
Bob,412
John,485
Mel,794
Mel,888
Mary,487
Jessica,335
Mel,504
Bob,895
Jessica,629
John,587
Mary,874
Bob,983
Mel,820
John,481
John,136
John,164
Jessica,67
John,353
John,242
Bob,647
Jessica,202
Bob,98
Mary,846
Mary,522
Mary,188
Bob,53
Jessica,193
Mel,338
Bob,101
Mary,795
John,652
John,321
John,104
Mary,961
Bob,860
Jessica,70
Bob,425
Bob,633
Jessica,883
Mary,687
Mary,348
Mel,452
Bob,758
John,432
Jessica,458
Mary,923
Mary,129
Jessica,790
Mary,215
Mel,784
Bob,738
Mary,840
Bob,874
John,991
John,218
John,819
Jessica,556
John,987
Bob,916
Jessica,304
John,200
John,494
Mel,455
Mary,637
Mary,608
Mary,939
Mary,909
Jessica,142
Mary,778
John,194
Mel,3
Mary,40
Mel,888
Jessica,403
Bob,430
Bob,114
John,624
Mary,148
Mary,160
Bob,411
Bob,552
Mel,569
Mary,311
Mel,978
John,423
John,790
Bob,712
John,738
John,403
Mel,686
Mel,542
John,152
John,721
Bob,96
John,896
Mel,496
Jessica,644
Mel,121
John,614
John,357
Mel,252
Bob,429
Jessica,969
Jessica,1
Mel,354
Jessica,107
Jessica,615
Mary,591
Mel,517
Mary,671
Mary,758
Mel,991
John,565
Mel,113
John,564
Mel,787
Mel,562
John,210
John,207
Jessica,689
Mary,66
John,894
Jessica,348
Jessica,219
John,928
Mel,956
Mary,227
Mary,129
Mel,608
Mary,475
Mel,973
Mel,931
Jessica,16
Mary,137
Mel,271
Bob,201
Mary,124
Jessica,821
Jessica,29
Mary,656
Bob,959
Bob,311
Bob,834
Bob,407
Bob,879
Bob,341
John,813
Mel,545
Mary,505
Mary,310
John,222
Jessica,572
Jessica,639
Jessica,566
Mel,739
Bob,78
John,150
Mary,463
Bob,715
John,118
Mel,122
Jessica,276
John,54
John,32
Mel,931
Mary,38
Mel,353
Mel,610
Jessica,954
John,38
Mel,161
Jessica,691
John,865
Bob,326
Mel,677
Jessica,706
John,151
Jessica,511
John,756
Jessica,294
John,152
